"Aruba","ABW","Rail lines (total route-km)","IS.RRS.TOTL.KM","","","","","","","","","","","","","","","","","","","","","","25","","","","","","","","","","","","","","","","","","","","","","","","","50","","","","","","","","","",
"Andorra","AND","Rail lines (total route-km)","IS.RRS.TOTL.KM","","","","","","","","","","","","","","","","","","","","","","","","","","","","","","","","","","","","","","","","","","","","","","","","","","","","","","","","",
"Afghanistan","AFG","Rail lines (total route-km)","IS.RRS.TOTL.KM","","","","","","","","","","","","","","","","","","","","","","","","","","","","","","","","","","","","","","","","","","","","","","","","","","","","","","","","",
"Angola","AGO","Rail lines (total route-km)","IS.RRS.TOTL.KM","","","","","","","","","","","","","","","","","","","","","","","","","","","","","","","","","","","","","","","","","","","","","","","","","","","","","","","","",
"Albania","ALB","Rail lines (total route-km)","IS.RRS.TOTL.KM","","","","","","","","","","","","","","","","","","","","","610","","","","","672","","","","","734","","674","674","674","674","","447","","","440","447","447","447","447","447","423","423","423","423","423","423","423","","","",
"Arab World","ARB","Rail lines (total route-km)","IS.RRS.TOTL.KM","","","","","","","","","","","","","","","","","","","","","","","","","","","","","","","","","","","","","","","","","","","","","","","","","","","","","","","","",
"United Arab Emirates","ARE","Rail lines (total route-km)","IS.RRS.TOTL.KM","","","","","","","","","","","","","","","","","","","","","","","","","","","","","","","","","","","","","","","","","","","","","","","","","","","","","","","","",
"Argentina","ARG","Rail lines (total route-km)","IS.RRS.TOTL.KM","","","","","","","","","","","","","","","","","","","","","34192","34106","34029","34061","34057","34159","34140","34140","34059","34059","34059","34059","","","","","","","","","","","","","","35753","35753","35753","35753","25023","25023","25023","25023","","","",
"Armenia","ARM","Rail lines (total route-km)","IS.RRS.TOTL.KM","","","","","","","","","","","","","","","","","","","","","845","845","845","845","845","845","845","845","845","845","845","845","845","845","845","845","845","845","845","845","842","711","711","711","711","732","","","845","","826","826","826","","","",
"American Samoa","ASM","Rail lines (total route-km)","IS.RRS.TOTL.KM","","","","","","","","","","","","","","","","","","","","","","","","","","","","","","","","","","","","","","","","","","","","","","","","","","","","","","","","",
"Antigua and Barbuda","ATG","Rail lines (total route-km)","IS.RRS.TOTL.KM","","","","","","","","","","","","","","","","","","","","","","","","","","","","","","","","","","","","","","","","","","","","","","","","","","","","","","","","",
"Australia","AUS","Rail lines (total route-km)","IS.RRS.TOTL.KM","","","","","","","","","","","","","","","","","","","","","7592","7554","7638","7647","7450","7450","7450","7315","7196","7147","6612","","","","","","","9458","","","9499","9508","9514","9474","","9528","9639","9639","9661","9674","8615","1829","1829","","","",
"Austria","AUT","Rail lines (total route-km)","IS.RRS.TOTL.KM","","","","","","","","","","","","","","","","","","","","","5857","5811","5777","5773","5762","5766","5745","5747","5630","5641","5624","5623","5605","5600","5636","5672","5672","5672","5643","5345","5780","5600","5647","5655","5359","5781","5818","5818","5755","5784","5066","5021","4985","","","",
"Azerbaijan","AZE","Rail lines (total route-km)","IS.RRS.TOTL.KM","","","","","","","","","","","","","","","","","","","","","","","","","","","","","","","","","","","","","","","2117","2116","2116","2116","2122","","2122","2122","2122","","2099","2079","2079","2079","2068","","","",
"Burundi","BDI","Rail lines (total route-km)","IS.RRS.TOTL.KM","","","","","","","","","","","","","","","","","","","","","","","","","","","","","","","","","","","","","","","","","","","","","","","","","","","","","","","","",
"Belgium","BEL","Rail lines (total route-km)","IS.RRS.TOTL.KM","","","","","","","","","","","","","","","","","","","","","3978","3954","3928","3860","3776","3667","3618","3568","3554","3513","3479","3466","3432","3410","3396","3368","3380","3422","3410","3472","3471","3454","3518","3521","3536","3542","3560","3374","3513","3578","3578","3578","3575","","","",
"Benin","BEN","Rail lines (total route-km)","IS.RRS.TOTL.KM","","","","","","","","","","","","","","","","","","","","","","","","","","","","","","","","","","","","","","","","","","","","","","","758","758","758","","","","","","","",
"Burkina Faso","BFA","Rail lines (total route-km)","IS.RRS.TOTL.KM","","","","","","","","","","","","","","","","","","","","","","","","","","","","","","","","","","","","","","","","","","","","","","622","622","622","622","622","622","622","622","","","",
"Bangladesh","BGD","Rail lines (total route-km)","IS.RRS.TOTL.KM","","","","","","","","","","","","","","","","","","","","","2874","3105","3105","2874","2892","2892","2818","2745.65","2745.65","2746","2745.65","2745.65","2745.65","2706.01","2706.01","2706.1","2706.1","2733.51","2733.51","2768","2768","2768","2765","2855","2855","2855","2855","2855","2835","2835","2835","2835","2835","","","",
"Bulgaria","BGR","Rail lines (total route-km)","IS.RRS.TOTL.KM","","","","","","","","","","","","","","","","","","","","","4341","4267","4273","4278","4278","4297","4294","4300","4300","4300","4299","4299","4299","4300","4146","3979","3979","4292","4290","4290","4320","4320","4318","4318","4259","4163","4155","4027","4159","4150","4098","3947","4070","","","",
"Bahrain","BHR","Rail lines (total route-km)","IS.RRS.TOTL.KM","","","","","","","","","","","","","","","","","","","","","","","","","","","","","","","","","","","","","","","","","","","","","","","","","","","","","","","","",
"Bahamas, The","BHS","Rail lines (total route-km)","IS.RRS.TOTL.KM","","","","","","","","","","","","","","","","","","","","","","","","","","","","","","","","","","","","","","","","","","","","","","","","","","","","","","","","",
"Bosnia and Herzegovina","BIH","Rail lines (total route-km)","IS.RRS.TOTL.KM","","","","","","","","","","","","","","","","","","","","","","","","","","","","","","","","","","","","","","","","","1032","1101","1101","1032","1001","1000","1024","1103","1016","1016","1026","1026","1027","","","",
"Belarus","BLR","Rail lines (total route-km)","IS.RRS.TOTL.KM","","","","","","","","","","","","","","","","","","","","","5512","5446","5446","5443","5443","5540","5459","5463","5500","5500","5569","5567","5567","4621","5543","5543","","5542","","5523","5512","5509","5512","5502","5498","5498","5494","5494","5491","5510","5503","5482","5462","","","",
"Belize","BLZ","Rail lines (total route-km)","IS.RRS.TOTL.KM","","","","","","","","","","","","","","","","","","","","","","","","","","","","","","","","","","","","","","","","","","","","","","","","","","","","","","","","",
"Bermuda","BMU","Rail lines (total route-km)","IS.RRS.TOTL.KM","","","","","","","","","","","","","","","","","","","","","","","","","","","","","","","","","","","","","","","","","","","","","","","","","","","","","","","","",
"Bolivia","BOL","Rail lines (total route-km)","IS.RRS.TOTL.KM","","","","","","","","","","","","","","","","","","","","","","","","","","","","","","","","","","","","","","","","","","","","","","","","","2866","2866","","","","","","",
"Brazil","BRA","Rail lines (total route-km)","IS.RRS.TOTL.KM","","","","","","","","","","","","","","","","","","","","","5054","5052","5063","5072","5072","5072","5035","4899","4994","5123","4916","4915","4915","4933","4933","4651","4651","4183","","","","","","","","29314","29314","29487","29817","29817","29817","29817","29817","","","",
"Barbados","BRB","Rail lines (total route-km)","IS.RRS.TOTL.KM","","","","","","","","","","","","","","","","","","","","","","","","","","","","","","","","","","","","","","","","","","","","","","","","","","","","","","","","",
"Brunei Darussalam","BRN","Rail lines (total route-km)","IS.RRS.TOTL.KM","","","","","","","","","","","","","","","","","","","","","","","","","","","","","","","","","","","","","","","","","","","","","","","","","","","","","","","","",
"Bhutan","BTN","Rail lines (total route-km)","IS.RRS.TOTL.KM","","","","","","","","","","","","","","","","","","","","","","","","","","","","","","","","","","","","","","","","","","","","","","","","","","","","","","","","",
"Botswana","BWA","Rail lines (total route-km)","IS.RRS.TOTL.KM","","","","","","","","","","","","","","","","","","","","","","","","","","","","","","","","","","","","","","","","","","","","","","","","888","888","888","888","888","888","","","",
"Central African Republic","CAF","Rail lines (total route-km)","IS.RRS.TOTL.KM","","","","","","","","","","","","","","","","","","","","","","","","","","","","","","","","","","","","","","","","","","","","","","","","","","","","","","","","",
"Canada","CAN","Rail lines (total route-km)","IS.RRS.TOTL.KM","","","","","","","","","","","","","","","","","","","","","","","52507","53605","51697","51745","50708","","","","32327","","","","29525.8064516129","","26560","23731","","","","29826.0869565217","32655.3945249597","29220.6119162641","30726.2479871176","57671","57481","57042","57216","58345","58345","52002","52002","","","",
"Central Europe and the Baltics","CEB","Rail lines (total route-km)","IS.RRS.TOTL.KM","","","","","","","","","","","","","","","","","","","","","59129.5","59063","59096.1","59077.2","59036","59113.7","56769.1","56380.6","56306.6","58973.9","58547.3","58738.4","56180.5","69862","69064.4","68978","67631.66","68320","44768","68557","68408","64950","65756","65141","64524","64728","64342","64119","64385","64177","66870","63804","63753","","","",
"Switzerland","CHE","Rail lines (total route-km)","IS.RRS.TOTL.KM","","","","","","","","","","","","","","","","","","","","","2943","2952","2956","2961","2984","2986","2986","2990","2990","2994","2978","2982","2985","2983","2983","2987","2989","2939","2910","2902","2975","2959","2982","2990","3140","3252","3330","3619","3499","3544","3543","3574","3551","","","",
"Channel Islands","CHI","Rail lines (total route-km)","IS.RRS.TOTL.KM","","","","","","","","","","","","","","","","","","","","","","","","","","","","","","","","","","","","","","","","","","","","","","","","","","","","","","","","",
"Chile","CHL","Rail lines (total route-km)","IS.RRS.TOTL.KM","","","","","","","","","","","","","","","","","","","","","7763","7763","7763","7493","7335","7227","7280","6969","","","6916","","","","","","","","","","","6623","6328","6330","5992","7928","5898","5898","5898","5352","5352","5520","5529","","","",
"China","CHN","Rail lines (total route-km)","IS.RRS.TOTL.KM","","","","","","","","","","","","","","","","","","","","","49940","50182","50591","51604","51604","52119","52487","52611","52767","53187","53378","53416","53566","53802","53992","54616","56000","57566","57584","57923","58656","59079","59530","60446","61015","62200","63412","63637","60809","65491","66239","66050","66298","","","",
"Cote d'Ivoire","CIV","Rail lines (total route-km)","IS.RRS.TOTL.KM","","","","","","","","","","","","","","","","","","","","","1180","1182","1182","1182","1182","1182","1167","1167","","1155","709","650","651","651","651","639","","639","","","639","639","639","","","639","639","639","639","639","639","639","639","","","",
"Cameroon","CMR","Rail lines (total route-km)","IS.RRS.TOTL.KM","","","","","","","","","","","","","","","","","","","","","1143","1143","1143","1115","1115","1115","1115","1104","1104","1104","1104","1104","1106","1006","1006","1006","1006","1006","1006","1006","1006","1016","1016","1016","1016","974","982","974","977","977","977","977","977","","","",
"Congo, Rep.","COG","Rail lines (total route-km)","IS.RRS.TOTL.KM","","","","","","","","","","","","","","","","","","","","","519","519","519","519","518.5","518.5","609.5","609.5","609.5","609.5","","510","510","600","706","609","","","","","900","900","1026","","795","795","795","795","795","","","","","","","",
"Colombia","COL","Rail lines (total route-km)","IS.RRS.TOTL.KM","","","","","","","","","","","","","","","","","","","","","2822","2822","2710","2680","2622","2622","2616","2616","","","2532","","","","1915","1800","3154","","","","","","","","","2137","2137","","1663","1672","","","","","","",
"Comoros","COM","Rail lines (total route-km)","IS.RRS.TOTL.KM","","","","","","","","","","","","","","","","","","","","","","","","","","","","","","","","","","","","","","","","","","","","","","","","","","","","","","","","",
"Cabo Verde","CPV","Rail lines (total route-km)","IS.RRS.TOTL.KM","","","","","","","","","","","","","","","","","","","","","","","","","","","","","","","","","","","","","","","","","","","","","","","","","","","","","","","","",
"Costa Rica","CRI","Rail lines (total route-km)","IS.RRS.TOTL.KM","","","","","","","","","","","","","","","","","","","","","568","568","568","568","568","568","568","480","","","","412","","","","","424","","","","","","","","","","","","","","","","","","","",
"Caribbean small states","CSS","Rail lines (total route-km)","IS.RRS.TOTL.KM","","","","","","","","","","","","","","","","","","","","","","","","","","","","","","","","","","","","","","","","","","","","","","","","","","","","","","","","",
"Cuba","CUB","Rail lines (total route-km)","IS.RRS.TOTL.KM","","","","","","","","","","","","","","","","","","","","","4382","","","","4226","","4161","","","4807","","","","","","","4667","","4667","","","","","","","","","","5076","5076","","","","","","",
"Curacao","CUW","Rail lines (total route-km)","IS.RRS.TOTL.KM","","","","","","","","","","","","","","","","","","","","","","","","","","","","","","","","","","","","","","","","","","","","","","","","","","","","","","","","",
"Cayman Islands","CYM","Rail lines (total route-km)","IS.RRS.TOTL.KM","","","","","","","","","","","","","","","","","","","","","","","","","","","","","","","","","","","","","","","","","","","","","","","","","","","","","","","","",
"Cyprus","CYP","Rail lines (total route-km)","IS.RRS.TOTL.KM","","","","","","","","","","","","","","","","","","","","","","","","","","","","","","","","","","","","","","","","","","","","","","","","","","","","","","","","",
"Czech Republic","CZE","Rail lines (total route-km)","IS.RRS.TOTL.KM","","","","","","","","","","","","","","","","","","","","","","","","","","","","","","","","","","9441","9413","9430","9435","9430","9430","9365","9365","9444","9499","9501","9489","9513","9491","9491","9487","9539","9569","9470","9469","","","",
"Germany","DEU","Rail lines (total route-km)","IS.RRS.TOTL.KM","","","","","","","","","","","","","","","","","","","","","","","","","","","","","","","","","","","41401","41718","40826","38450","38127","37477","36652","35986","35804","36044","34715","34228","34128","33897","33862","33706","33708","33576","33509","","","",
"Djibouti","DJI","Rail lines (total route-km)","IS.RRS.TOTL.KM","","","","","","","","","","","","","","","","","","","","","","","","","","","","","","","","","","","","","","","","","","","","","","781","","","","","","","","","","",
"Dominica","DMA","Rail lines (total route-km)","IS.RRS.TOTL.KM","","","","","","","","","","","","","","","","","","","","","","","","","","","","","","","","","","","","","","","","","","","","","","","","","","","","","","","","",
"Denmark","DNK","Rail lines (total route-km)","IS.RRS.TOTL.KM","","","","","","","","","","","","","","","","","","","","","2015","2015","2015","2448","2448","2471","2471","2476","2476","2344","2344","2344","2306","2311","2349","2349","2349","2232","2264","2324","2047","2047","2273","2273","2212","2212","2011","2133","2133","2131","2131","2131","2131","","","",
"Dominican Republic","DOM","Rail lines (total route-km)","IS.RRS.TOTL.KM","","","","","","","","","","","","","","","","","","","","","","","","","","","","","","","","","","","","","","","","","","","","","","","","","","","","","","","","",
"Algeria","DZA","Rail lines (total route-km)","IS.RRS.TOTL.KM","","","","","","","","","","","","","","","","","","","","","3907","3761","3761","3761","3841","3841","3841","3841","4135","3836","4293","4047","4290","3945","3945","4290","3973","3973","3973","3973","3793","","","","3572","3572","3572","3572","3572","4723","3512","4691","4691","","","",
"East Asia & Pacific (developing only)","EAP","Rail lines (total route-km)","IS.RRS.TOTL.KM","","","","","","","","","","","","","","","","","","","","","","","","","","","","","","","","","","","","","","","","","","","","","","","","","","","","","","","","",
"East Asia & Pacific (all income levels)","EAS","Rail lines (total route-km)","IS.RRS.TOTL.KM","","","","","","","","","","","","","","","","","","","","","","","","","","","","","","","","","","","","","","","","","","","","","","","","","","","","","","","","",
"Europe & Central Asia (developing only)","ECA","Rail lines (total route-km)","IS.RRS.TOTL.KM","","","","","","","","","","","","","","","","","","","","","","","","","","","","","","","","","","","","","","","","","80108","","80212","","79569","83971","83734","81400","85267","84361","88936","85243","83807","","","",
"Europe & Central Asia (all income levels)","ECS","Rail lines (total route-km)","IS.RRS.TOTL.KM","","","","","","","","","","","","","","","","","","","","","","","","","","","","","","","","","","","","","","","","","374455","","367593","","364575","375149","385408","371207","376106","378955","368937","381793","374221","","","",
"Ecuador","ECU","Rail lines (total route-km)","IS.RRS.TOTL.KM","","","","","","","","","","","","","","","","","","","","","","","","","","","","","","","","","","","","","","","","","","","","","","","","","","","","","","","","",
"Egypt, Arab Rep.","EGY","Rail lines (total route-km)","IS.RRS.TOTL.KM","","","","","","","","","","","","","","","","","","","","","4437","4437","4437","4437","4437","5763","5870","","","","4751","4751","4110","4570","4114","4810","4907","4976","5018","5026","5024","5125","5150","","5150","5150","5195","5195","5063","5195","5195","5195","5195","","","",
"Euro area","EMU","Rail lines (total route-km)","IS.RRS.TOTL.KM","","","","","","","","","","","","","","","","","","","","","97240","97367","97838","97769","97555","96511","93648","93479","93164","94894","94602","94000","93665","96581","137441","137632","136125","134036","132255","133702","134535","129602","129898","130543","128836","130222","130576","130189","131006","133673","135078","135279","130277","","","",
"Eritrea","ERI","Rail lines (total route-km)","IS.RRS.TOTL.KM","","","","","","","","","","","","","","","","","","","","","","","","","","","","","","","","","","","","","","","","","","","","","","","","","","","","","","","","",
"Spain","ESP","Rail lines (total route-km)","IS.RRS.TOTL.KM","","","","","","","","","","","","","","","","","","","","","13450","13543","13572","13572","13575","12710","12721","12686","12550","12565","12560","12570","13041","12601","12646","12280","12284","12294","12303","14059","13866","13868","13856","14387","14395","14484","14635","14832","15046","15043","15317","15680","15665","","","",
"Estonia","EST","Rail lines (total route-km)","IS.RRS.TOTL.KM","","","","","","","","","","","","","","","","","","","","","993","1010","1010","1010","1010","1019","1019","1019","1019","1026","1026","1026","1018","1024","1024","1021","1020","1000","","968","968","967","967","959","959","959","801","962","816","929","787","792","792","","","",
"Ethiopia","ETH","Rail lines (total route-km)","IS.RRS.TOTL.KM","","","","","","","","","","","","","","","","","","","","","781","781","781","781","781","781","781","781","781","781","781","781","","","","","","","","","","","","","","","","","","","","","","","","",
"European Union","EUU","Rail lines (total route-km)","IS.RRS.TOTL.KM","","","","","","","","","","","","","","","","","","","","","180963.5","180739","181648.1","181818.2","181174","179689.7","176720.1","176090.6","175543.6","177208.9","175536.3","176005.4","171898.5","185350","224746.4","225102","222621.66","221033","196972","221300","220981","213671","214539","197950","211683","213241","217020","212616","214011","216668","204770","218379","213307","","","",
"Fragile and conflict affected situations","FCS","Rail lines (total route-km)","IS.RRS.TOTL.KM","","","","","","","","","","","","","","","","","","","","","","","","","","","","","","","","","","","","","","","","","","","","","","","","","","","","","","","","",
"Finland","FIN","Rail lines (total route-km)","IS.RRS.TOTL.KM","","","","","","","","","","","","","","","","","","","","","6075","6092","6090","6000","5998","5900","5899","5900","5884","5884","5867","5874","5874","5885","5880","5880","5859","5865","5867","5836","5854","5850","5850","5851","5741","5732","5905","5899","5919","5919","5919","5944","5944","","","",
"Fiji","FJI","Rail lines (total route-km)","IS.RRS.TOTL.KM","","","","","","","","","","","","","","","","","","","","","","","","","","","","","","","","","","","","","","","","","","","","","","","","","","","","","","","","",
"France","FRA","Rail lines (total route-km)","IS.RRS.TOTL.KM","","","","","","","","","","","","","","","","","","","","","34362","34384","34595","34710","34688","34676","34639","34646","34563","34322","34070","33446","32731","32579","32275","31939","31700","31754","31727","31423","32515","29445","29352","29269","29246","29286","29547","29488","29901","33778","33608","34621","30013","","","",
"Faeroe Islands","FRO","Rail lines (total route-km)","IS.RRS.TOTL.KM","","","","","","","","","","","","","","","","","","","","","","","","","","","","","","","","","","","","","","","","","","","","","","","","","","","","","","","","",
"Micronesia, Fed. Sts.","FSM","Rail lines (total route-km)","IS.RRS.TOTL.KM","","","","","","","","","","","","","","","","","","","","","","","","","","","","","","","","","","","","","","","","","","","","","","","","","","","","","","","","",
"Gabon","GAB","Rail lines (total route-km)","IS.RRS.TOTL.KM","","","","","","","","","","","","","","","","","","","","","341","341","341","341","341","341","648","648","650","684","683","683","683","683","683","683","814","814","","814","814","731","","731","731","810","810","810","810","810","810","810","810","","","",
"United Kingdom","GBR","Rail lines (total route-km)","IS.RRS.TOTL.KM","","","","","","","","","","","","","","","","","","","","","17645","17431","17431","17230","16964","16803","16729","16670","16630","16599","16588","16584","16528","16536","16536","16666","16666","16656","16659","16649","15991","16652","16652","","16116","16208","19966","16208","16321","16173","","16408","16423","","","",
"Georgia","GEO","Rail lines (total route-km)","IS.RRS.TOTL.KM","","","","","","","","","","","","","","","","","","","","","","","","","","1465","","","","","1583","","1583","1583","","1575","1575","1575","1575","1575","1562","1565","1565","1575","1575","1336","1336","1513","1513","1566","1566","1566","","","","",
"Ghana","GHA","Rail lines (total route-km)","IS.RRS.TOTL.KM","","","","","","","","","","","","","","","","","","","","","950","950","950","950","950","950","950","950","","","953","","","","","","","","","","953","","","977","977","","","","953","","","","","","","",
"Guinea","GIN","Rail lines (total route-km)","IS.RRS.TOTL.KM","","","","","","","","","","","","","","","","","","","","","","","","","","","","","","","","","","","","","","","","","","","","","","","","","","","","","","","","",
"Gambia, The","GMB","Rail lines (total route-km)","IS.RRS.TOTL.KM","","","","","","","","","","","","","","","","","","","","","","","","","","","","","","","","","","","","","","","","","","","","","","","","","","","","","","","","",
"Guinea-Bissau","GNB","Rail lines (total route-km)","IS.RRS.TOTL.KM","","","","","","","","","","","","","","","","","","","","","","","","","","","","","","","","","","","","","","","","","","","","","","","","","","","","","","","","",
"Equatorial Guinea","GNQ","Rail lines (total route-km)","IS.RRS.TOTL.KM","","","","","","","","","","","","","","","","","","","","","","","","","","","","","","","","","","","","","","","","","","","","","","","","","","","","","","","","",
"Greece","GRC","Rail lines (total route-km)","IS.RRS.TOTL.KM","","","","","","","","","","","","","","","","","","","","","2461","2461","2461","2461","2461","2461","2461","2479","2479","2479","2484","2484","2484","2497","2497","2850","2474","2503","2299","2299","2299","2377","2383","2414","2449","2576","2509","2551","2552","1552","2552","2554","2554","","","",
"Grenada","GRD","Rail lines (total route-km)","IS.RRS.TOTL.KM","","","","","","","","","","","","","","","","","","","","","","","","","","","","","","","","","","","","","","","","","","","","","","","","","","","","","","","","",
"Greenland","GRL","Rail lines (total route-km)","IS.RRS.TOTL.KM","","","","","","","","","","","","","","","","","","","","","","","","","","","","","","","","","","","","","","","","","","","","","","","","","","","","","","","","",
"Guatemala","GTM","Rail lines (total route-km)","IS.RRS.TOTL.KM","","","","","","","","","","","","","","","","","","","","","","","","","","","","","","","","","","","","","","","","","","","","","","","","","","","","","","","","",
"Guam","GUM","Rail lines (total route-km)","IS.RRS.TOTL.KM","","","","","","","","","","","","","","","","","","","","","","","","","","","","","","","","","","","","","","","","","","","","","","","","","","","","","","","","",
"Guyana","GUY","Rail lines (total route-km)","IS.RRS.TOTL.KM","","","","","","","","","","","","","","","","","","","","","","","","","","","","","","","","","","","","","","","","","","","","","","","","","","","","","","","","",
"High income","HIC","Rail lines (total route-km)","IS.RRS.TOTL.KM","","","","","","","","","","","","","","","","","","","","","","","","","","","","","","","","","","","","","","","","","","","","","","","","","","","","","","","","",
"Hong Kong SAR, China","HKG","Rail lines (total route-km)","IS.RRS.TOTL.KM","","","","","","","","","","","","","","","","","","","","","","","","","","","","","","","","","","","","","","","","","","","","","","","","","","","","","","","","",
"Honduras","HND","Rail lines (total route-km)","IS.RRS.TOTL.KM","","","","","","","","","","","","","","","","","","","","","","","","","","","","","","","","","","","","","","","","","","","","","","","","","","","","","","","","",
"Heavily indebted poor countries (HIPC)","HPC","Rail lines (total route-km)","IS.RRS.TOTL.KM","","","","","","","","","","","","","","","","","","","","","","","","","","","","","","","","","","","","","","","","","","","","","","","","","","","","","","","","",
"Croatia","HRV","Rail lines (total route-km)","IS.RRS.TOTL.KM","","","","","","","","","","","","","","","","","","","","","2437","2437","2437","2437","2437","2441","2441","2441","2441","2444","2429","2911","2699","1907","1907","2296","2480.66","2726","2726","2726","2727","2727","2726","2726","2726","2726","2722","2722","2722","2723","2722","2722","2722","","","",
"Haiti","HTI","Rail lines (total route-km)","IS.RRS.TOTL.KM","","","","","","","","","","","","","","","","","","","","","","","","","","","","","","","","","","","","","","","","","","","","","","","","","","","","","","","","",
"Hungary","HUN","Rail lines (total route-km)","IS.RRS.TOTL.KM","","","","","","","","","","","","","","","","","","","","","7613.5","7617","7611.1","7612.2","7616","7616.7","7616.1","7618.6","7613.6","7618.9","7617.3","7684.4","7726.5","7607","7606.4","7606","7768","7768","7768","7768","8004","7516","7729","7730","7730","7950","7932","7960","7942","7793","7893","7906","7877","","","",
"Indonesia","IDN","Rail lines (total route-km)","IS.RRS.TOTL.KM","","","","","","","","","","","","","","","","","","","","","6458","6458","6458","6458","6458","6458","6458","6458","","","","4992","4992","4992","5041","5041","5041","5324","5324","","","","","","","","","","3370","","","4684","4684","","","",
"Isle of Man","IMN","Rail lines (total route-km)","IS.RRS.TOTL.KM","","","","","","","","","","","","","","","","","","","","","","","","","","","","","","","","","","","","","","","","","","","","","","","","","","","","","","","","",
"India","IND","Rail lines (total route-km)","IS.RRS.TOTL.KM","","","","","","","","","","","","","","","","","","","","","61240","61230","61385","61460","61850","61836","61813","61976","61985","62211","62367","62458","62486","62462","62461","62660","62725","62725","63506","62759.34","62759","63028","63140","63122","63200","63465","63332","63327","63327","63273","63974","64460","64460","","","",
"Not classified","INX","Rail lines (total route-km)","IS.RRS.TOTL.KM","","","","","","","","","","","","","","","","","","","","","","","","","","","","","","","","","","","","","","","","","","","","","","","","","","","","","","","","",
"Ireland","IRL","Rail lines (total route-km)","IS.RRS.TOTL.KM","","","","","","","","","","","","","","","","","","","","","1987","1987","1987","1987","1944","1944","1944","1944","1944","1944","1944","1944","1944","1947","1947","1954","1945","1945","1945","1909","1915","1919","1919","1919","1919","1919","1919","1919","1919","1919","1919","1919","1919","","","",
"Iran, Islamic Rep.","IRN","Rail lines (total route-km)","IS.RRS.TOTL.KM","","","","","","","","","","","","","","","","","","","","","4567","4567","4567","4567","4567","4567","4567","4568","4569","4569","4847","4847","4847","5022","5226","5332","5612","5995","6264","6398","6688","7944","6151","6152","6405","7131","7265","7265","7335","7555","6073","8368","8368","","","",
"Iraq","IRQ","Rail lines (total route-km)","IS.RRS.TOTL.KM","","","","","","","","","","","","","","","","","","","","","","","","","","","","","","","","","","","","","","","","","","","","","","","1898","1898","2032","2025","2025","2138","2138","","","",
"Iceland","ISL","Rail lines (total route-km)","IS.RRS.TOTL.KM","","","","","","","","","","","","","","","","","","","","","","","","","","","","","","","","","","","","","","","","","","","","","","","","","","","","","","","","",
"Israel","ISR","Rail lines (total route-km)","IS.RRS.TOTL.KM","","","","","","","","","","","","","","","","","","","","","","827","851","859","859","859","865","869","869","","574","574","573","573","596","610","","610","","","","676","676","615","853","899","905","958","1005","1005","1034","1079","1079","","","",
"Italy","ITA","Rail lines (total route-km)","IS.RRS.TOTL.KM","","","","","","","","","","","","","","","","","","","","","16138","16162","16473","16475","16420","16485","16068","15983","16015","16030","16086","16066","16112","15942","16002","16003","16014","16031","16080","16108","16499","16035","15985","15965","15916","16751","16833","16668","16862","16959","18011","17045","17060","","","",
"Jamaica","JAM","Rail lines (total route-km)","IS.RRS.TOTL.KM","","","","","","","","","","","","","","","","","","","","","","","","","","","","","","","","","","","","","","","","","","","","","","","","","","","","","","","","",
"Jordan","JOR","Rail lines (total route-km)","IS.RRS.TOTL.KM","","","","","","","","","","","","","","","","","","","","","270","270","291","293","293","293","293","292","292","292","292","292","293","293","293","293","293","293","293","292","292","292","292","","291","293","293","293","251","294","294","509","509","","","",
"Japan","JPN","Rail lines (total route-km)","IS.RRS.TOTL.KM","","","","","","","","","","","","","","","","","","","","","22236","22597","23371","23305","23103","22801","21961","21209","20934","20341","20254","20252","20254","20252","20255","20134","","20175","","","20165","20158","20096","20067","20060","20096","20050","20050","20048","20036","20035","20140","20140","","","",
"Kazakhstan","KAZ","Rail lines (total route-km)","IS.RRS.TOTL.KM","","","","","","","","","","","","","","","","","","","","","","","","","","","","","","","14465.2","14455.6","14405.2","13528","","","","13660","","","13545","","13597","13770","13770","14204","14205","14205","14205","14205","14202","14184","14319","","","",
"Kenya","KEN","Rail lines (total route-km)","IS.RRS.TOTL.KM","","","","","","","","","","","","","","","","","","","","","2101","2101","2101","2101","2084","2084.3","2084.3","2084.3","2084","2065","2065","2065","2065","2065","2740","2740","2740","2740","2740","2740","2634","2634","2634","","2634","1917","1917","","","","","","","","","",
"Kyrgyz Republic","KGZ","Rail lines (total route-km)","IS.RRS.TOTL.KM","","","","","","","","","","","","","","","","","","","","","","","","","","","","","","","","","","","","","","","","","","","","","","","417","417","417","417","417","417","417","","","",
"Cambodia","KHM","Rail lines (total route-km)","IS.RRS.TOTL.KM","","","","","","","","","","","","","","","","","","","","","","","","","","","","","","","600","600","600","600","600","600","600","600","600","600","601","","603","","603","650","","","","","","","","","","",
"Kiribati","KIR","Rail lines (total route-km)","IS.RRS.TOTL.KM","","","","","","","","","","","","","","","","","","","","","","","","","","","","","","","","","","","","","","","","","","","","","","","","","","","","","","","","",
"St. Kitts and Nevis","KNA","Rail lines (total route-km)","IS.RRS.TOTL.KM","","","","","","","","","","","","","","","","","","","","","","","","","","","","","","","","","","","","","","","","","","","","","","","","","","","","","","","","",
"Korea, Rep.","KOR","Rail lines (total route-km)","IS.RRS.TOTL.KM","","","","","","","","","","","","","","","","","","","","","3135","3121","3121","3117","3117","3114","3113","3130","3150","3131","3091","3091","3092","3098","3101","3101","3100","3118","3120","","3123","3123","3129","3140","3129","3392","3392","3399","3381","3378","3379","3637","3650","","","",
"Kosovo","KSV","Rail lines (total route-km)","IS.RRS.TOTL.KM","","","","","","","","","","","","","","","","","","","","","","","","","","","","","","","","","","","","","","","","","","","","","","","","","","","","","","","","",
"Kuwait","KWT","Rail lines (total route-km)","IS.RRS.TOTL.KM","","","","","","","","","","","","","","","","","","","","","","","","","","","","","","","","","","","","","","","","","","","","","","","","","","","","","","","","",
"Latin America & Caribbean (developing only)","LAC","Rail lines (total route-km)","IS.RRS.TOTL.KM","","","","","","","","","","","","","","","","","","","","","","","","","","","","","","","","","","","","","","","","","","","","","","","","","","","","","","","","",
"Lao PDR","LAO","Rail lines (total route-km)","IS.RRS.TOTL.KM","","","","","","","","","","","","","","","","","","","","","","","","","","","","","","","","","","","","","","","","","","","","","","","","","","","","","","","","",
"Lebanon","LBN","Rail lines (total route-km)","IS.RRS.TOTL.KM","","","","","","","","","","","","","","","","","","","","","","","","","","","","","","","","","","","","","","","","","","","","","","","","","","","","","","","","",
"Liberia","LBR","Rail lines (total route-km)","IS.RRS.TOTL.KM","","","","","","","","","","","","","","","","","","","","","","","","","","","","","","","","","","","","","","","","","","","","","","","","","","","","","","","","",
"Libya","LBY","Rail lines (total route-km)","IS.RRS.TOTL.KM","","","","","","","","","","","","","","","","","","","","","","","","","","","","","","","","","","","","","","","","","","","","","","","","","","","","","","","","",
"St. Lucia","LCA","Rail lines (total route-km)","IS.RRS.TOTL.KM","","","","","","","","","","","","","","","","","","","","","","","","","","","","","","","","","","","","","","","","","","","","","","","","","","","","","","","","",
"Latin America & Caribbean (all income levels)","LCN","Rail lines (total route-km)","IS.RRS.TOTL.KM","","","","","","","","","","","","","","","","","","","","","","","","","","","","","","","","","","","","","","","","","","","","","","","","","","","","","","","","",
"Least developed countries: UN classification","LDC","Rail lines (total route-km)","IS.RRS.TOTL.KM","","","","","","","","","","","","","","","","","","","","","","","","","","","","","","","","","","","","","","","","","","","","","","","","","","","","","","","","",
"Low income","LIC","Rail lines (total route-km)","IS.RRS.TOTL.KM","","","","","","","","","","","","","","","","","","","","","","","","","","","","","","","","","","","","","","","","","","","","","","","","","","","","","","","","",
"Liechtenstein","LIE","Rail lines (total route-km)","IS.RRS.TOTL.KM","","","","","","","","","","","","","","","","","","","","","","","","","","","","","","","","","","","","","","","","","","","","","","","","","","","","","","","","",
"Sri Lanka","LKA","Rail lines (total route-km)","IS.RRS.TOTL.KM","","","","","","","","","","","","","","","","","","","","","1453","1453","1453","1453","1453","1453","1453","1453","1453","1453","1453","1462","1491","1491","1491","1491","1491","1491","1491","1447","","","","","1449","","","","1463","","","","","","","",
"Lower middle income","LMC","Rail lines (total route-km)","IS.RRS.TOTL.KM","","","","","","","","","","","","","","","","","","","","","","","","","","","","","","","","","","","","","","","","","","","","","","","","","","","","","","","","",
"Low & middle income","LMY","Rail lines (total route-km)","IS.RRS.TOTL.KM","","","","","","","","","","","","","","","","","","","","","","","","","","","","","","","","","","","","","","","","","","","","","","","","","","","","","","","","",
"Lesotho","LSO","Rail lines (total route-km)","IS.RRS.TOTL.KM","","","","","","","","","","","","","","","","","","","","","","","","","","","","","","","","","","","","","","","","","","","","","","","","","","","","","","","","",
"Lithuania","LTU","Rail lines (total route-km)","IS.RRS.TOTL.KM","","","","","","","","","","","","","","","","","","","","","2008","2025","2040","2014","2014","2014","2014","1990","1990","2005","2007","2007","2002","2002","2002","2002","1997","1998","1905","1905","1905","1282","1775","1774","1782","1775","1771","1766","1765","1767","1767","1767","1767","","","",
"Luxembourg","LUX","Rail lines (total route-km)","IS.RRS.TOTL.KM","","","","","","","","","","","","","","","","","","","","","","","","","","","","","","","","","","","","","","","","","","","","","","275","275","275","275","275","275","275","275","","","",
"Latvia","LVA","Rail lines (total route-km)","IS.RRS.TOTL.KM","","","","","","","","","","","","","","","","","","","","","2384","2384","2384","2384","2384","2384","","","","2397","2397","2397","2406","2413","2413","2413","2417","2417","2417","2417","2331","2305","2269","2270","2270","2375","2374","2269","2263","1885","1897","1865","1860","","","",
"Macao SAR, China","MAC","Rail lines (total route-km)","IS.RRS.TOTL.KM","","","","","","","","","","","","","","","","","","","","","","","","","","","","","","","","","","","","","","","","","","","","","","","","","","","","","","","","",
"St. Martin (French part)","MAF","Rail lines (total route-km)","IS.RRS.TOTL.KM","","","","","","","","","","","","","","","","","","","","","","","","","","","","","","","","","","","","","","","","","","","","","","","","","","","","","","","","",
"Morocco","MAR","Rail lines (total route-km)","IS.RRS.TOTL.KM","","","","","","","","","","","","","","","","","","","","","1756","1779","1779","1779","1779","1779","1779","1893","1893","1893","1893","1893","1907","1907","1907","1907","1907","1907","1907","1907","1907","1907","1907","1907","1907","1907","1907","1907","1989","2110","2109","2109","2109","","","",
"Monaco","MCO","Rail lines (total route-km)","IS.RRS.TOTL.KM","","","","","","","","","","","","","","","","","","","","","","","","","","","","","","","","","","","","","","","","","","","","","","","","","","","","","","","","",
"Moldova","MDA","Rail lines (total route-km)","IS.RRS.TOTL.KM","","","","","","","","","","","","","","","","","","","","","","","","","","","","","","","","","","","","","","","","","","","","","","1075","1154","1154","1156","1157","1157","1157","1157","","","",
"Madagascar","MDG","Rail lines (total route-km)","IS.RRS.TOTL.KM","","","","","","","","","","","","","","","","","","","","","","","","","","","","","","","","","","","","","","","","","","","","","","","","","854","","","","","","","",
"Maldives","MDV","Rail lines (total route-km)","IS.RRS.TOTL.KM","","","","","","","","","","","","","","","","","","","","","","","","","","","","","","","","","","","","","","","","","","","","","","","","","","","","","","","","",
"Middle East & North Africa (all income levels)","MEA","Rail lines (total route-km)","IS.RRS.TOTL.KM","","","","","","","","","","","","","","","","","","","","","","","","","","","","","","","","","","","","","","","","","","","","","","","","","","","","","","","","",
"Mexico","MEX","Rail lines (total route-km)","IS.RRS.TOTL.KM","","","","","","","","","","","","","","","","","","","","","14225","14124","15482","15480","15486","15488","15783","15783","15825","20351","20351","20324","20425","20445","20477","20688","26613","","","","","","","","","26662","26662","26662","26677","26704","26704","26704","26704","","","",
"Marshall Islands","MHL","Rail lines (total route-km)","IS.RRS.TOTL.KM","","","","","","","","","","","","","","","","","","","","","","","","","","","","","","","","","","","","","","","","","","","","","","","","","","","","","","","","",
"Middle income","MIC","Rail lines (total route-km)","IS.RRS.TOTL.KM","","","","","","","","","","","","","","","","","","","","","","","","","","","","","","","","","","","","","","","","","","","","","","","","","","","","","","","","",
"Macedonia, FYR","MKD","Rail lines (total route-km)","IS.RRS.TOTL.KM","","","","","","","","","","","","","","","","","","","","","696","696","696","696","696","696","696","696","696","696","696","699","699","699","699","699","696.842105263158","699","699","699","699","699","699","699","699","699","699","699","699","699","699","","","","","",
"Mali","MLI","Rail lines (total route-km)","IS.RRS.TOTL.KM","","","","","","","","","","","","","","","","","","","","","642","642","642","642","642","642","642","642","642","642","642","642","642","","","","","729","","","734","734","733","","","","","","","","","","","","","",
"Malta","MLT","Rail lines (total route-km)","IS.RRS.TOTL.KM","","","","","","","","","","","","","","","","","","","","","","","","","","","","","","","","","","","","","","","","","","","","","","","","","","","","","","","","",
"Myanmar","MMR","Rail lines (total route-km)","IS.RRS.TOTL.KM","","","","","","","","","","","","","","","","","","","","","3185","3185","3185","3185","3185","3185","3185","3185","3185","3185","3335.93548387097","3335.93548387097","","","","","","","","","","","","","","","","","","","","","","","","",
"Middle East & North Africa (developing only)","MNA","Rail lines (total route-km)","IS.RRS.TOTL.KM","","","","","","","","","","","","","","","","","","","","","","","","","","","","","","","","","","","","","","","","","","","","","","","","","","","","","","","","",
"Montenegro","MNE","Rail lines (total route-km)","IS.RRS.TOTL.KM","","","","","","","","","","","","","","","","","","","","","","","","","","","","","","","","","","","","","","","","","","","","","","","","","","","","","","","","",
"Mongolia","MNG","Rail lines (total route-km)","IS.RRS.TOTL.KM","","","","","","","","","","","","","","","","","","","","","1697","","","","","1748","1748","1920","1920","1920","1920","1920","1920","1920","","","","1810","","","1810","","1810","","","1810","1810","1810","1810","1814","1814","1818","1818","","","",
"Northern Mariana Islands","MNP","Rail lines (total route-km)","IS.RRS.TOTL.KM","","","","","","","","","","","","","","","","","","","","","","","","","","","","","","","","","","","","","","","","","","","","","","","","","","","","","","","","",
"Mozambique","MOZ","Rail lines (total route-km)","IS.RRS.TOTL.KM","","","","","","","","","","","","","","","","","","","","","","","","","","","","","","","","","","","","","","","","","","","","","","3070","3070","3070","3116","3116","3116","3116","3116","","","",
"Mauritania","MRT","Rail lines (total route-km)","IS.RRS.TOTL.KM","","","","","","","","","","","","","","","","","","","","","","","","","","","","","","","","","","","","","","","","","","","","","","717","","","728","728","728","728","728","","","",
"Mauritius","MUS","Rail lines (total route-km)","IS.RRS.TOTL.KM","","","","","","","","","","","","","","","","","","","","","","","","","","","","","","","","","","","","","","","","","","","","","","","","","","","","","","","","",
"Malawi","MWI","Rail lines (total route-km)","IS.RRS.TOTL.KM","","","","","","","","","","","","","","","","","","","","","789","789","789","789","789","789","789","789","789","789","789","789","789","789","789","789","710","710","710","710","710","710","710","710","710","","","","797","","","","","","","",
"Malaysia","MYS","Rail lines (total route-km)","IS.RRS.TOTL.KM","","","","","","","","","","","","","","","","","","","","","1639","1639","1639","1668","1668","1668","1668","1668","1668","1668","1668","1668","1668","1668","1668","1668","1668","1648","1648","","1622","1636","1636","1667","1667","1657","1667","1667","1665","1665","1665","1987","2250","","","",
"North America","NAC","Rail lines (total route-km)","IS.RRS.TOTL.KM","","","","","","","","","","","","","","","","","","","","","","","309157","305022.741935484","296855.064516129","286848.225806452","276612.838709677","","","","225485.064516129","","","","205867.741935484","","196759.517296862","188188.32689211","","","","187341.384863124","193359.098228663","188315.619967794","187463.768115942","286670","284668","283748","284274","284550","286858","280220","280220","","","",
"Namibia","NAM","Rail lines (total route-km)","IS.RRS.TOTL.KM","","","","","","","","","","","","","","","","","","","","","","","","","","","","","","","2382","2382","2382","2382","2382","2382","","","","","","","","","","","","","","","","","","","","",
"New Caledonia","NCL","Rail lines (total route-km)","IS.RRS.TOTL.KM","","","","","","","","","","","","","","","","","","","","","","","","","","","","","","","","","","","","","","","","","","","","","","","","","","","","","","","","",
"Niger","NER","Rail lines (total route-km)","IS.RRS.TOTL.KM","","","","","","","","","","","","","","","","","","","","","","","","","","","","","","","","","","","","","","","","","","","","","","","","","","","","","","","","",
"Nigeria","NGA","Rail lines (total route-km)","IS.RRS.TOTL.KM","","","","","","","","","","","","","","","","","","","","","3512","3512","3512","3512","3512","3512","3512","3512","3512","3512","","3557","3054","3054","3054","3557","","3505","","","3557","","3505","3505","3505","3528","3528","3528","","","","","","","","",
"Nicaragua","NIC","Rail lines (total route-km)","IS.RRS.TOTL.KM","","","","","","","","","","","","","","","","","","","","","","","","","","","","","","","","","","","","","","","","","","","","","","","","","","","","","","","","",
"Netherlands","NLD","Rail lines (total route-km)","IS.RRS.TOTL.KM","","","","","","","","","","","","","","","","","","","","","2880","2880","2850","2852","2852","2824","2817","2809","2828","2828","2798","2780","2753","2757","2757","2813","2813","2805","2808","2808","2802","2809","2806","2811","2811","2813","2776","2776","2896","2886","3016","3016","3016","","","",
"High income: nonOECD","NOC","Rail lines (total route-km)","IS.RRS.TOTL.KM","","","","","","","","","","","","","","","","","","","","","","","","","","","","","","","","","","","","","","","","","","","","","","","","","","","","","","","","",
"Norway","NOR","Rail lines (total route-km)","IS.RRS.TOTL.KM","","","","","","","","","","","","","","","","","","","","","","","","","","","","","","","","","","","","","","","","","","","","","","4087","4043","4087","4114","4114","4114","4154","4154","","","",
"Nepal","NPL","Rail lines (total route-km)","IS.RRS.TOTL.KM","","","","","","","","","","","","","","","","","","","","","","","","","","","","","","","","","","","","","","","","","","","","","","","","","","","","","","","","",
"New Zealand","NZL","Rail lines (total route-km)","IS.RRS.TOTL.KM","","","","","","","","","","","","","","","","","","","","","4478","4433","4418","4332","4273","4273","4219","4165","4257","4029","4029","3913","3913","3913","3913","3913","3913","3913","3913","3913","","","","","","","","","","","","","","","","",
"High income: OECD","OEC","Rail lines (total route-km)","IS.RRS.TOTL.KM","","","","","","","","","","","","","","","","","","","","","472672.435483871","469328.387096774","518664.1","514333.941935484","504868.064516129","492919.925806452","481236.938709677","415989.664516129","400644.470967742","392742.54516129","422995.364516129","371944.851612903","362227.887096774","372271.838709677","439620.141935484","408400.35483871","407133.517296862","426621.326892109","346161.47020934","365525.721417069","393918","422061.384863124","428171.098228663","406716.619967794","410439.768115942","527273","527142","522584","524198","527020","513596","517454","512263","","","",
"OECD members","OED","Rail lines (total route-km)","IS.RRS.TOTL.KM","","","","","","","","","","","","","","","","","","","","","495090.435483871","491645.387096774","542302.1","537982.941935484","528523.064516129","516576.925806452","505189.938709677","439941.664516129","424633.470967742","421523.54516129","451775.364516129","400697.851612903","391082.887096774","401146.838709677","468549.141935484","437637.35483871","442353.517296862","435228.326892109","354768.47020934","374207.721417069","402589","430732.384863124","436842.098228663","415413.619967794","419136.768115942","562632","562501","557943","559574","562410","549894","553800","548609","","","",
"Oman","OMN","Rail lines (total route-km)","IS.RRS.TOTL.KM","","","","","","","","","","","","","","","","","","","","","","","","","","","","","","","","","","","","","","","","","","","","","","","","","","","","","","","","",
"Other small states","OSS","Rail lines (total route-km)","IS.RRS.TOTL.KM","","","","","","","","","","","","","","","","","","","","","","","","","","","","","","","","","","","","","","","","","","","","","","","","","","","","","","","","",
"Pakistan","PAK","Rail lines (total route-km)","IS.RRS.TOTL.KM","","","","","","","","","","","","","","","","","","","","","8817","8817","8832","8832","8832","8784","8784","8774","8774.87","8774.87","8774.87","8774.87","8774.87","8774.87","8774.87","8774.87","7791","7791","7791","7791","7791","7791","7791","7791","7791","7791","7791","7791","7791","7791","7791","7791","7791","","","",
"Panama","PAN","Rail lines (total route-km)","IS.RRS.TOTL.KM","","","","","","","","","","","","","","","","","","","","","","","","","","","","","","","","","","","","","","","","","","","","","","","","","","","","","","","","",
"Peru","PER","Rail lines (total route-km)","IS.RRS.TOTL.KM","","","","","","","","","","","","","","","","","","","","","","1888","1888","1888","1888","1720","1672.5","1672.5","1672.5","1672.5","1611.1","1611.1","1611.1","","1609.9","1609","1691.02","1691","","","","","","","","2177","2177","","2020","2020","2020","1929","1929","","","",
"Philippines","PHL","Rail lines (total route-km)","IS.RRS.TOTL.KM","","","","","","","","","","","","","","","","","","","","","","","","","","","","","","","479","479","479","479","479","456","456","468","491","491","491","491","491","491","491","","","","479","","","","","","","",
"Palau","PLW","Rail lines (total route-km)","IS.RRS.TOTL.KM","","","","","","","","","","","","","","","","","","","","","","","","","","","","","","","","","","","","","","","","","","","","","","","","","","","","","","","","",
"Papua New Guinea","PNG","Rail lines (total route-km)","IS.RRS.TOTL.KM","","","","","","","","","","","","","","","","","","","","","","","","","","","","","","","","","","","","","","","","","","","","","","","","","","","","","","","","",
"Poland","POL","Rail lines (total route-km)","IS.RRS.TOTL.KM","","","","","","","","","","","","","","","","","","","","","27185","27172","27158","27176","27070","27092","27064","26637","26545","26644","26228","25848","23399","24926","24313","23986","22285","22285","","22891","22560","20134","20223","19900","19576","19599","19429","19419","19627","19764","19702","19725","19617","","","",
"Puerto Rico","PRI","Rail lines (total route-km)","IS.RRS.TOTL.KM","","","","","","","","","","","","","","","","","","","","","","","","","","","","","","","","","","","","","","","","","","","","","","","","","","","","","","","","",
"Korea, Dem. Rep.","PRK","Rail lines (total route-km)","IS.RRS.TOTL.KM","","","","","","","","","","","","","","","","","","","","","","","","","","","","","","","","","","","","","","","","","","","","","","","","","","","","","","","","",
"Portugal","PRT","Rail lines (total route-km)","IS.RRS.TOTL.KM","","","","","","","","","","","","","","","","","","","","","3609","3616","3613","3613","3613","3603","3603","3608","3608","3064","3064","3116","3062","3062","2699","2850","2850","2856","2856","2813","2814","2814","2881","2818","2849","2839","2839","2838","2842","2842","2843","2793","2541","","","",
"Paraguay","PRY","Rail lines (total route-km)","IS.RRS.TOTL.KM","","","","","","","","","","","","","","","","","","","","","","","","","","","","","","","","","","","","","","","","","","","","","","","","","","","","","","","","",
"Pacific island small states","PSS","Rail lines (total route-km)","IS.RRS.TOTL.KM","","","","","","","","","","","","","","","","","","","","","","","","","","","","","","","","","","","","","","","","","","","","","","","","","","","","","","","","",
"French Polynesia","PYF","Rail lines (total route-km)","IS.RRS.TOTL.KM","","","","","","","","","","","","","","","","","","","","","","","","","","","","","","","","","","","","","","","","","","","","","","","","","","","","","","","","",
"Qatar","QAT","Rail lines (total route-km)","IS.RRS.TOTL.KM","","","","","","","","","","","","","","","","","","","","","","","","","","","","","","","","","","","","","","","","","","","","","","","","","","","","","","","","",
"Romania","ROU","Rail lines (total route-km)","IS.RRS.TOTL.KM","","","","","","","","","","","","","","","","","","","","","11110","11093","11125","11108","11169","11192","11221","11275","11298","11343","11348","11365","11430","11380","11374","11376","11376","11380","11364","11364","11364","11364","11364","11077","10844","10781","10781","10646","10784","10776","13620","10777","10777","","","",
"Russian Federation","RUS","Rail lines (total route-km)","IS.RRS.TOTL.KM","","","","","","","","","","","","","","","","","","","","","82600","","","","","","","","","","85969","85969","87500","87543","87543","87543","87543","86660","86151","86000","86075","85835","85542","85500","85286","85542","92217","84158","84158","85194","85292","85167","84249","","","",
"Rwanda","RWA","Rail lines (total route-km)","IS.RRS.TOTL.KM","","","","","","","","","","","","","","","","","","","","","","","","","","","","","","","","","","","","","","","","","","","","","","","","","","","","","","","","",
"South Asia","SAS","Rail lines (total route-km)","IS.RRS.TOTL.KM","","","","","","","","","","","","","","","","","","","","","","","","","","","","","","","","","","","","","","","","","","","","","","","","","","","","","","","","",
"Saudi Arabia","SAU","Rail lines (total route-km)","IS.RRS.TOTL.KM","","","","","","","","","","","","","","","","","","","","","563","561","561","842","1028","1028","1028","1016","1017","1017","1005","1005","1018","1018","1018","1018","1018","1018","1018","1018","958","1390","1078","1390","1390","1020","1020","1412","2758","1020","1020","1412","1412","","","",
"Sudan","SDN","Rail lines (total route-km)","IS.RRS.TOTL.KM","","","","","","","","","","","","","","","","","","","","","4786","4786","4786","4786","4786","4786","4764","","","","4784","4784","","","","4595","","4595","","","4599","5901","4578","","5478","5478","5478","5478","4578","4508","4508","4708","4313","","","",
"Senegal","SEN","Rail lines (total route-km)","IS.RRS.TOTL.KM","","","","","","","","","","","","","","","","","","","","","1034","1034","1034","1034","1034","1034","1034","904","906","906","906","906","906","904","906","906","","906","","","906","","","","","","","","","","","","","","","",
"Singapore","SGP","Rail lines (total route-km)","IS.RRS.TOTL.KM","","","","","","","","","","","","","","","","","","","","","","","","","","","","","","","","","","","","","","","","","","","","","","","","","","","","","","","","",
"Solomon Islands","SLB","Rail lines (total route-km)","IS.RRS.TOTL.KM","","","","","","","","","","","","","","","","","","","","","","","","","","","","","","","","","","","","","","","","","","","","","","","","","","","","","","","","",
"Sierra Leone","SLE","Rail lines (total route-km)","IS.RRS.TOTL.KM","","","","","","","","","","","","","","","","","","","","","","","","","","","","","","","","","","","","","","","","","","","","","","","","","","","","","","","","",
"El Salvador","SLV","Rail lines (total route-km)","IS.RRS.TOTL.KM","","","","","","","","","","","","","","","","","","","","","","","","","","","","","","","","","","","","","","","","","","","","","","","","","","","","","","","","",
"San Marino","SMR","Rail lines (total route-km)","IS.RRS.TOTL.KM","","","","","","","","","","","","","","","","","","","","","","","","","","","","","","","","","","","","","","","","","","","","","","","","","","","","","","","","",
"Somalia","SOM","Rail lines (total route-km)","IS.RRS.TOTL.KM","","","","","","","","","","","","","","","","","","","","","","","","","","","","","","","","","","","","","","","","","","","","","","","","","","","","","","","","",
"Serbia","SRB","Rail lines (total route-km)","IS.RRS.TOTL.KM","","","","","","","","","","","","","","","","","","","","","9465","9393","9389","9409","9279","9283","9246","9270","9349","9567","9490","4300","3960","3987","4281","4031","4031","4031","4059","4059","4058","3900","3900","3809","3809","4057","4067","4057","4058","4058","4058","4058","4048","","","",
"Sub-Saharan Africa (developing only)","SSA","Rail lines (total route-km)","IS.RRS.TOTL.KM","","","","","","","","","","","","","","","","","","","","","","","","","","","","","","","","","","","","","","","","","","","","","","","","","","","","","","","","",
"South Sudan","SSD","Rail lines (total route-km)","IS.RRS.TOTL.KM","","","","","","","","","","","","","","","","","","","","","","","","","","","","","","","","","","","","","","","","","","","","","","","","","","","","","","","","",
"Sub-Saharan Africa (all income levels)","SSF","Rail lines (total route-km)","IS.RRS.TOTL.KM","","","","","","","","","","","","","","","","","","","","","","","","","","","","","","","","","","","","","","","","","","","","","","","","","","","","","","","","",
"Small states","SST","Rail lines (total route-km)","IS.RRS.TOTL.KM","","","","","","","","","","","","","","","","","","","","","","","","","","","","","","","","","","","","","","","","","","","","","","","","","","","","","","","","",
"Sao Tome and Principe","STP","Rail lines (total route-km)","IS.RRS.TOTL.KM","","","","","","","","","","","","","","","","","","","","","","","","","","","","","","","","","","","","","","","","","","","","","","","","","","","","","","","","",
"Suriname","SUR","Rail lines (total route-km)","IS.RRS.TOTL.KM","","","","","","","","","","","","","","","","","","","","","","","","","","","","","","","","","","","","","","","","","","","","","","","","","","","","","","","","",
"Slovak Republic","SVK","Rail lines (total route-km)","IS.RRS.TOTL.KM","","","","","","","","","","","","","","","","","","","","","","","","","","","","","","","","","","3661","3665","3668","3673","3823","3667","3662","3662","3662","3657","3657","3660","3659","3658","3629","3592","3623","3587","3624","3593","","","",
"Slovenia","SVN","Rail lines (total route-km)","IS.RRS.TOTL.KM","","","","","","","","","","","","","","","","","","","","","1058","1058","1058","1058","1058","1058","1100","1100","1100","1196","1196","1201","1201","1201","1201","1201","1201","1201","1201","1201","1202","1229","1229","1229","1229","1228","1228","1228","1228","1228","1228","1209","1209","","","",
"Sweden","SWE","Rail lines (total route-km)","IS.RRS.TOTL.KM","","","","","","","","","","","","","","","","","","","","","11377","11340","11760","11760","11637","11266","11236","11194","11076","11022","10081","10970","9846","10361","9661","9782","10158","10228","10216","10221","10068","9865","9857","9882","9895","9867","9957","9821","9830","9946","9957","10014","9944","","","",
"Swaziland","SWZ","Rail lines (total route-km)","IS.RRS.TOTL.KM","","","","","","","","","","","","","","","","","","","","","","","","","","","","","","","","","","","","","","","","","","","","","","","","","300","300","300","300","300","","","",
"Sint Maarten (Dutch part)","SXM","Rail lines (total route-km)","IS.RRS.TOTL.KM","","","","","","","","","","","","","","","","","","","","","","","","","","","","","","","","","","","","","","","","","","","","","","","","","","","","","","","","",
"Seychelles","SYC","Rail lines (total route-km)","IS.RRS.TOTL.KM","","","","","","","","","","","","","","","","","","","","","","","","","","","","","","","","","","","","","","","","","","","","","","","","","","","","","","","","",
"Syrian Arab Republic","SYR","Rail lines (total route-km)","IS.RRS.TOTL.KM","","","","","","","","","","","","","","","","","","","","","1545","1555","1617","1677","1684","2142","2247","2277","2333","2387","2387","2398","2408","1525","1525","1525","1525","1525","1525","1525","1771","1771","2450","1888","","2702","2043","2043","2139","1801","2139","2139","2139","","","",
"Turks and Caicos Islands","TCA","Rail lines (total route-km)","IS.RRS.TOTL.KM","","","","","","","","","","","","","","","","","","","","","","","","","","","","","","","","","","","","","","","","","","","","","","","","","","","","","","","","",
"Chad","TCD","Rail lines (total route-km)","IS.RRS.TOTL.KM","","","","","","","","","","","","","","","","","","","","","","","","","","","","","","","","","","","","","","","","","","","","","","","","","","","","","","","","",
"Togo","TGO","Rail lines (total route-km)","IS.RRS.TOTL.KM","","","","","","","","","","","","","","","","","","","","","","","","","","","","","","","","","","","","","","","","","","","","","","","","","","","","","","","","",
"Thailand","THA","Rail lines (total route-km)","IS.RRS.TOTL.KM","","","","","","","","","","","","","","","","","","","","","3735","3735","3735","3735","3735","3735","3728","3728","3818","3728","3861","3861","3870","3870","3870","4041","4041","4041","4044","4044","4103","4044","4044","4044","4044","","","","4429","4429","4429","5327","5327","","","",
"Tajikistan","TJK","Rail lines (total route-km)","IS.RRS.TOTL.KM","","","","","","","","","","","","","","","","","","","","","","","","","","","","","","","","","","","","","","","","","","","","","","616","616","","616","616","621","621","621","","","",
"Turkmenistan","TKM","Rail lines (total route-km)","IS.RRS.TOTL.KM","","","","","","","","","","","","","","","","","","","","","","","","","","","","","","","","","","","","","","","","","","","","","","2529","2529","3069","3181","3095","3115","3115","3115","","","",
"Timor-Leste","TLS","Rail lines (total route-km)","IS.RRS.TOTL.KM","","","","","","","","","","","","","","","","","","","","","","","","","","","","","","","","","","","","","","","","","","","","","","","","","","","","","","","","",
"Tonga","TON","Rail lines (total route-km)","IS.RRS.TOTL.KM","","","","","","","","","","","","","","","","","","","","","","","","","","","","","","","","","","","","","","","","","","","","","","","","","","","","","","","","",
"Trinidad and Tobago","TTO","Rail lines (total route-km)","IS.RRS.TOTL.KM","","","","","","","","","","","","","","","","","","","","","","","","","","","","","","","","","","","","","","","","","","","","","","","","","","","","","","","","",
"Tunisia","TUN","Rail lines (total route-km)","IS.RRS.TOTL.KM","","","","","","","","","","","","","","","","","","","","","2047","2051","2180","2186","2211","2211","2227","2253","2253","2270","2270","2270","2278","1941","1941","1860","1820","1820","1860","2000","2260","2163","1909","1909","1909","1909","2218","2218","2218","1991","1119","2165","2165","","","",
"Turkey","TUR","Rail lines (total route-km)","IS.RRS.TOTL.KM","","","","","","","","","","","","","","","","","","","","","8193","8193","8156","8169","8169","8169","8170","8169","8164","8430","8429","8429","8430","8430","8452","8549","8607","8607","8607","8682","8671","8671","8671","8697","8697","8697","8697","8697","8699","8686","9594","9642","9642","","","",
"Tuvalu","TUV","Rail lines (total route-km)","IS.RRS.TOTL.KM","","","","","","","","","","","","","","","","","","","","","","","","","","","","","","","","","","","","","","","","","","","","","","","","","","","","","","","","",
"Tanzania","TZA","Rail lines (total route-km)","IS.RRS.TOTL.KM","","","","","","","","","","","","","","","","","","","","","4444","4444","4444","4444","4444","4444","4444","4444","4444","4444","4444","4460","4460","4460","4460","4465","2605","2722","2722","4581.5","4582","4582","4582","4582","4582","2600","2600","","","","","","","","","",
"Uganda","UGA","Rail lines (total route-km)","IS.RRS.TOTL.KM","","","","","","","","","","","","","","","","","","","","","1232","1232","1232","1232","1232","1232","1232","1232","1232","1232","1232","1241","1241","1241","1241","1250","","1250","","","261","259","259","","259","","","","","","","","","","","",
"Ukraine","UKR","Rail lines (total route-km)","IS.RRS.TOTL.KM","","","","","","","","","","","","","","","","","","","","","22600","22650","22650","22650","22698","22698","22700","22700","22800","22759","23316","22795","22631","22625","22564","22607","22602","22546","22510","22473","22302","22219","22079","","22011","22001","22001","21891","21676","21678","21705","21665","21643","","","",
"Upper middle income","UMC","Rail lines (total route-km)","IS.RRS.TOTL.KM","","","","","","","","","","","","","","","","","","","","","","","","","","","","","","","","","","","","","","","","","","","","","","","","","","","","","","","","",
"Uruguay","URY","Rail lines (total route-km)","IS.RRS.TOTL.KM","","","","","","","","","","","","","","","","","","","","","3005","3050","3010","3001","3002","2991","2991","2991","2991","2991","2991","2991","2991","2993.3","","","3003","3003","3003","3003","3003","3003","3003","3003","3003","","","","2993","","","","","","","",
"United States","USA","Rail lines (total route-km)","IS.RRS.TOTL.KM","","","","","","","","","","","","","","","","","","","","","265841.935483871","261548.387096774","256650","251417.741935484","245158.064516129","235103.225806452","225904.838709677","213258.064516129","205733.870967742","200380.64516129","193158.064516129","188106.451612903","182348.387096774","178104.838709677","176341.935483871","174619.35483871","170199.517296862","164457.32689211","161948.47020934","160112.721417069","159822","157515.297906602","160703.703703704","159095.00805153","156737.520128824","228999","227187","226706","227058","226205","228513","228218","228218","","","",
"Uzbekistan","UZB","Rail lines (total route-km)","IS.RRS.TOTL.KM","","","","","","","","","","","","","","","","","","","","","","","","","","","","","","","","","","","","","","3641","3641","3641","3645","","4126","","4126","4014","4014","4005","4230","4230","4227","4258","4192","","","",
"St. Vincent and the Grenadines","VCT","Rail lines (total route-km)","IS.RRS.TOTL.KM","","","","","","","","","","","","","","","","","","","","","","","","","","","","","","","","","","","","","","","","","","","","","","","","","","","","","","","","",
"Venezuela, RB","VEN","Rail lines (total route-km)","IS.RRS.TOTL.KM","","","","","","","","","","","","","","","","","","","","","","","","","","","","","","","","","","","","","396","","","","336","","","","","","336","336","336","","","","","","","",
"Virgin Islands (U.S.)","VIR","Rail lines (total route-km)","IS.RRS.TOTL.KM","","","","","","","","","","","","","","","","","","","","","","","","","","","","","","","","","","","","","","","","","","","","","","","","","","","","","","","","",
"Vietnam","VNM","Rail lines (total route-km)","IS.RRS.TOTL.KM","","","","","","","","","","","","","","","","","","","","","","","","","","","2831.7","2831.7","2831.7","2831.7","2831.7","2831.7","2831.7","2831.7","2831.7","2831.7","2831.7","2831.7","2832","2832","3142","","2545","2652","2600","2671","3147","3147","3147","2347","2347","2347","2347","","","",
"Vanuatu","VUT","Rail lines (total route-km)","IS.RRS.TOTL.KM","","","","","","","","","","","","","","","","","","","","","","","","","","","","","","","","","","","","","","","","","","","","","","","","","","","","","","","","",
"West Bank and Gaza","PSE","Rail lines (total route-km)","IS.RRS.TOTL.KM","","","","","","","","","","","","","","","","","","","","","","","","","","","","","","","","","","","","","","","","","","","","","","","","","","","","","","","","",
"World","WLD","Rail lines (total route-km)","IS.RRS.TOTL.KM","","","","","","","","","","","","","","","","","","","","","","","","","","","","","","","","","","","","","","","","","","","","","","","","","","","","","","","","",
"Samoa","WSM","Rail lines (total route-km)","IS.RRS.TOTL.KM","","","","","","","","","","","","","","","","","","","","","","","","","","","","","","","","","","","","","","","","","","","","","","","","","","","","","","","","",
"Yemen, Rep.","YEM","Rail lines (total route-km)","IS.RRS.TOTL.KM","","","","","","","","","","","","","","","","","","","","","","","","","","","","","","","","","","","","","","","","","","","","","","","","","","","","","","","","",
"South Africa","ZAF","Rail lines (total route-km)","IS.RRS.TOTL.KM","","","","","","","","","","","","","","","","","","","","","23596","23596","23581","23664","23720","23821","23790","23607","23507","21244","21617.063","21635","21635","22233","22621","20319","20319","20189","20189","20070","22657","22657","22657","20041","20247","20047","20047","24487","24487","22051","22051","20500","20500","","","",
"Congo, Dem. Rep.","COD","Rail lines (total route-km)","IS.RRS.TOTL.KM","","","","","","","","","","","","","","","","","","","","","4511","4511","4511","4511","4511","4511","4511","4511","4511","4511","4511","","","4152","4752","4752","4752","4752","4752","4752","3641","","","","4499","3641","3641","3641","4007","3641","3641","3641","3641","","","",
"Zambia","ZMB","Rail lines (total route-km)","IS.RRS.TOTL.KM","","","","","","","","","","","","","","","","","","","","","","1115","1115","1115","1278","1278","1278","1278","1273","1273","1273","1273","1273","1273","1273","1273","1273","1273","1273","1273","1273","1273","1273","1273","1273","","","","","","","","","","","",
"Zimbabwe","ZWE","Rail lines (total route-km)","IS.RRS.TOTL.KM","","","","","","","","","","","","","","","","","","","","","3394","3394","3394","3394","3394","3394","2759","2759","2759","2759","2759","2759","2759","2759","2759","2759","2759","2759","","","","","","","","","","","2583","","","","","","","",
